{
    "1": {
        "min_error_run": 22,
        "min_error_total_error": 0.6920029326717297,
        "min_error_weights": [
            0.35510003322542993,
            0.41690081356202496,
            0.22799915321254546
        ],
        "min_error_means": [
            [
                3.9475102684249848,
                -1.9373713873880996
            ],
            [
                -3.957333320137507,
                0.0415181411530996
            ],
            [
                1.1549392480159075,
                1.169574524914196
            ]
        ],
        "min_error_covariances": [
            [
                [
                    0.4750381440850954,
                    0.04873603647545488
                ],
                [
                    0.04873603647545488,
                    0.5233208094926882
                ]
            ],
            [
                [
                    1.0205905371131627,
                    -1.0560143506649624
                ],
                [
                    -1.0560143506649624,
                    1.5901211197397378
                ]
            ],
            [
                [
                    1.0166484702477236,
                    0.877160661387917
                ],
                [
                    0.877160661387917,
                    1.462361695743867
                ]
            ]
        ],
        "min_error_error_per_parameter": [
            0.044001693574909434,
            0.2623001224493964,
            0.3857011166474239
        ],
        "min_error_num_iterations": 14,
        "max_ll_run": 32,
        "max_ll_total_error": 0.6920485833090955,
        "max_ll_weights": [
            0.4169015035678738,
            0.3551000381007938,
            0.22799845833133225
        ],
        "max_ll_means": [
            [
                -3.957329317778236,
                0.041515196096126195
            ],
            [
                3.9475102330412115,
                -1.9373713811275224
            ],
            [
                1.15494739657256,
                1.1695833806255929
            ]
        ],
        "max_ll_covariances": [
            [
                [
                    1.0205988428904982,
                    -1.05601994080714
                ],
                [
                    -1.05601994080714,
                    1.5901246238369973
                ]
            ],
            [
                [
                    0.4750382386147865,
                    0.04873602719061704
                ],
                [
                    0.04873602719061704,
                    0.5233208116942064
                ]
            ],
            [
                [
                    1.016629008863592,
                    0.8771400253898726
                ],
                [
                    0.8771400253898726,
                    1.4623387719754617
                ]
            ]
        ],
        "max_ll_num_iterations": 17,
        "max_ll_error_per_parameter": [
            0.04400308333733538,
            0.26230922747665186,
            0.3857362724951082
        ],
        "avg_error_weights": [
            0.015294344915837003,
            0.018175884156204417,
            0.01979665581633963
        ],
        "avg_error_means": [
            0.13107570108404262,
            0.09357193407055908,
            0.11983479633546842
        ],
        "avg_error_covariances": [
            0.14043100693076851,
            0.13381985990177378,
            0.2312726104609627
        ],
        "final_ll_at_min_error": -3473.1510054456967,
        "final_ll_at_max_ll": -3473.151005412216
    },
    "2": {
        "min_error_run": 31,
        "min_error_total_error": 1.3829991186920418,
        "min_error_weights": [
            0.30360215364662513,
            0.10118713900956997,
            0.2811807091324419,
            0.3140299982113626
        ],
        "min_error_means": [
            [
                2.2426576297045426,
                1.959804151562337
            ],
            [
                -0.9833884561812193,
                -6.014453249665449
            ],
            [
                -3.9326175746959406,
                -3.9069115322598003
            ],
            [
                -3.9527122250631046,
                -3.9889722732654027
            ]
        ],
        "min_error_covariances": [
            [
                [
                    1.6936054789283144,
                    -0.829524613257182
                ],
                [
                    -0.829524613257182,
                    1.8963759645573175
                ]
            ],
            [
                [
                    0.15596269978724267,
                    0.040222500860843585
                ],
                [
                    0.040222500860843585,
                    0.12119676360073012
                ]
            ],
            [
                [
                    5.330659813678068,
                    -1.6518577720255507
                ],
                [
                    -1.6518577720255507,
                    5.9159183841014515
                ]
            ],
            [
                [
                    1.060933728426401,
                    0.4456397597298638
                ],
                [
                    0.4456397597298638,
                    0.8639529754887127
                ]
            ]
        ],
        "min_error_error_per_parameter": [
            0.037638581735115806,
            0.3050859615626959,
            1.0402745753942302
        ],
        "min_error_num_iterations": 70,
        "max_ll_run": 1,
        "max_ll_total_error": 1.3929995039395098,
        "max_ll_weights": [
            0.101099804181366,
            0.2822403598713685,
            0.3130558312596405,
            0.3036040046876251
        ],
        "max_ll_means": [
            [
                -0.9830963988323655,
                -6.014495079560886
            ],
            [
                -3.9309163176786286,
                -3.9077559033037916
            ],
            [
                -3.953605911697257,
                -3.9890710614190636
            ],
            [
                2.242646587903794,
                1.9597995686257785
            ]
        ],
        "max_ll_covariances": [
            [
                [
                    0.1557012276666585,
                    0.04024393094196816
                ],
                [
                    0.04024393094196816,
                    0.12103870335856776
                ]
            ],
            [
                [
                    5.318948871959743,
                    -1.6458295520384452
                ],
                [
                    -1.6458295520384452,
                    5.901076188598217
                ]
            ],
            [
                [
                    1.0585726103954531,
                    0.44550916355934217
                ],
                [
                    0.44550916355934217,
                    0.8610959849846699
                ]
            ],
            [
                [
                    1.6936404986566773,
                    -0.8295300677898351
                ],
                [
                    -0.8295300677898351,
                    1.8963869456245028
                ]
            ]
        ],
        "max_ll_num_iterations": 76,
        "max_ll_error_per_parameter": [
            0.035519280257263114,
            0.3048556985146931,
            1.0526245251675537
        ],
        "avg_error_weights": [
            0.048576173197144974,
            0.04864544231840071,
            0.04105162314594049,
            0.0620945715358197
        ],
        "avg_error_means": [
            0.15079556571400846,
            0.524732467188552,
            0.33370373126741115,
            1.186568711114863
        ],